shape,batch,repeats,p50_ms,p95_ms,mean_ms,dtype
256x256x256,1,5,0.3135,0.3342,0.31366,float32
256x256x256,16,5,6.331,8.0742,6.42298,float32
512x512x512,1,5,1.5778,1.6558,1.53798,float32
512x512x512,16,5,22.5964,23.9742,22.85114,float32
1024x1024x1024,1,5,9.2958,9.3943,9.10332,float32
1024x1024x1024,16,5,156.331,163.016,156.35032,float32
