shape,batch,repeats,p50_ms,p95_ms,mean_ms,dtype
256x256x256,1,5,0.3063,0.3293,0.30738,float32
256x256x256,16,5,7.4495,10.1615,7.82094,float32
512x512x512,1,5,2.0621,2.7311,2.09862,float32
512x512x512,16,5,22.4874,24.2713,22.47714,float32
1024x1024x1024,1,5,8.5494,10.5918,8.95236,float32
1024x1024x1024,16,5,164.6535,208.9316,175.23982,float32
