shape,batch,repeats,p50_ms,p95_ms,mean_ms,dtype
256x256x256,1,5,0.2809,0.3595,0.30526,float32
256x256x256,16,5,4.6543,6.6081,5.134040000000001,float32
512x512x512,1,5,1.0746,1.2141,1.06772,float32
512x512x512,16,5,18.7757,19.6337,18.52466,float32
1024x1024x1024,1,5,7.0786,7.6311,6.696219999999999,float32
1024x1024x1024,16,5,120.6196,125.5833,119.24168,float32
