shape,batch,repeats,p50_ms,p95_ms,mean_ms,dtype
256x256x256,1,5,0.3433,0.3527,0.31866,float32
256x256x256,16,5,4.6059,5.9631,4.9412,float32
512x512x512,1,5,1.239,1.4801,1.29136,float32
512x512x512,16,5,19.017,19.3774,18.8041,float32
1024x1024x1024,1,5,7.4278,9.1509,7.7131799999999995,float32
1024x1024x1024,16,5,139.6971,156.2916,141.27702,float32
