shape,batch,repeats,p50_ms,p95_ms,mean_ms,dtype
256x256x256,1,5,0.3131,0.3386,0.31808000000000003,float32
256x256x256,16,5,3.8823,6.4875,4.65308,float32
512x512x512,1,5,0.9989,1.0942,1.0083600000000001,float32
512x512x512,16,5,16.6031,17.7921,16.75376,float32
1024x1024x1024,1,5,6.2136,6.9697,6.23134,float32
1024x1024x1024,16,5,100.8741,124.1301,105.5103,float32
