concurrency,n_requests,p50_ms,p95_ms,mean_ms,throughput_rps,max_loop_lag_ms,alloc_cur_kb_delta,alloc_peak_kb
1,300,0.0411,0.0661,0.044875333333333337,5888.726619097946,-9.999999776482582,38.453125,38.7109375
9,300,0.1494,0.1674,0.15136633333333332,18494.430095502605,-4.999999422580004,22.0263671875,33.0498046875
64,300,0.8941,0.9239,0.8647650000000001,21823.260843084463,-9.999999776482582,57.7001953125,124.232421875
