concurrency,n_requests,p50_ms,p95_ms,mean_ms,throughput_rps,max_loop_lag_ms,alloc_cur_kb_delta,alloc_peak_kb
1,300,0.0131,0.0143,0.013578333333333333,15808.277284374191,0.061800237745046616,29.0185546875,29.0185546875
9,300,0.08,0.0917,0.08224266666666666,32941.33036128772,nan,20.966796875,30.6240234375
64,300,0.5612,0.6315,0.548971,38062.37292653755,nan,55.31640625,117.263671875
