{
  "femto_bench": {
    "git_commit": "a00208685d0f54d7ba39d0436a700b34faddd001",
    "machine_profile": {
      "platform": "Windows-11-10.0.26100-SP0",
      "python": "3.12.10",
      "numpy": "2.4.0",
      "cpu_count": 12,
      "processor": "Intel64 Family 6 Model 165 Stepping 2, GenuineIntel"
    },
    "workload_definition": {
      "n_requests": 300,
      "concurrency": [
        1,
        9,
        64
      ],
      "warmup": 20,
      "seed": 0
    },
    "results_csv": "C:\\Users\\pdxvo\\Documents\\Lean\\CoherenceLattice\\out\\telemetry_smoke\\konomi_smoke_perturb_2\\femto\\femto_async_results.csv",
    "results": [
      {
        "concurrency": 1,
        "n_requests": 300,
        "p50_ms": 0.0371,
        "p95_ms": 0.0443,
        "mean_ms": 0.038182,
        "throughput_rps": 6983.337758225174,
        "max_loop_lag_ms": -9.999999776482582,
        "alloc_cur_kb_delta": 45.3330078125,
        "alloc_peak_kb": 45.63671875
      },
      {
        "concurrency": 9,
        "n_requests": 300,
        "p50_ms": 0.1348,
        "p95_ms": 0.1431,
        "mean_ms": 0.14010566666666666,
        "throughput_rps": 20430.539660522238,
        "max_loop_lag_ms": -9.999999776482582,
        "alloc_cur_kb_delta": 23.990234375,
        "alloc_peak_kb": 34.9677734375
      },
      {
        "concurrency": 64,
        "n_requests": 300,
        "p50_ms": 0.8037,
        "p95_ms": 0.8372,
        "mean_ms": 0.7737303333333333,
        "throughput_rps": 25332.274857569995,
        "max_loop_lag_ms": 6.000000052154064,
        "alloc_cur_kb_delta": 61.654296875,
        "alloc_peak_kb": 128.1865234375
      }
    ],
    "gates": {},
    "notes": "FemtoModel is a stub for wiring + concurrency (not trained unless stated)."
  }
}