concurrency,n_requests,p50_ms,p95_ms,mean_ms,throughput_rps,max_loop_lag_ms,alloc_cur_kb_delta,alloc_peak_kb
1,300,0.0132,0.0153,0.014051666666666665,15562.910580427186,0.056700315326452255,31.4052734375,31.4052734375
9,300,0.082,0.1276,0.08924966666666666,30904.576991910493,nan,21.025390625,30.63671875
64,300,0.5587,0.6752,0.5523953333333333,37314.36112548963,nan,55.31640625,117.263671875
