concurrency,n_requests,p50_ms,p95_ms,mean_ms,throughput_rps,max_loop_lag_ms,alloc_cur_kb_delta,alloc_peak_kb
1,300,0.0371,0.0443,0.038182,6983.337758225174,-9.999999776482582,45.3330078125,45.63671875
9,300,0.1348,0.1431,0.14010566666666666,20430.539660522238,-9.999999776482582,23.990234375,34.9677734375
64,300,0.8037,0.8372,0.7737303333333333,25332.274857569995,6.000000052154064,61.654296875,128.1865234375
