shape,batch,repeats,p50_ms,p95_ms,mean_ms,dtype
256x256x256,1,5,0.3039,0.3066,0.28756,float32
256x256x256,16,5,5.6622,6.1908,5.75596,float32
512x512x512,1,5,0.9865,1.0787,1.00034,float32
512x512x512,16,5,15.3429,15.8044,15.42464,float32
1024x1024x1024,1,5,5.3465,8.3696,5.9729,float32
1024x1024x1024,16,5,116.8737,126.3753,117.90446,float32
