shape,batch,repeats,p50_ms,p95_ms,mean_ms,dtype
256x256x256,1,5,0.2228,0.2387,0.22602000000000003,float32
256x256x256,16,5,4.656,5.2666,4.5987,float32
512x512x512,1,5,1.2694,1.6242,1.2693999999999999,float32
512x512x512,16,5,19.8498,21.8025,20.172980000000003,float32
1024x1024x1024,1,5,8.6048,10.735,8.814499999999999,float32
1024x1024x1024,16,5,123.4738,139.6078,125.79957999999999,float32
