shape,batch,repeats,p50_ms,p95_ms,mean_ms,dtype
256x256x256,1,5,0.3564,0.3975,0.3437,float32
256x256x256,16,5,4.1394,4.4907,4.22362,float32
512x512x512,1,5,1.0464,1.4065,1.10826,float32
512x512x512,16,5,20.4525,23.4562,21.02774,float32
1024x1024x1024,1,5,8.2533,9.1093,7.9109,float32
1024x1024x1024,16,5,153.1668,182.607,159.36507999999998,float32
