shape,batch,repeats,p50_ms,p95_ms,mean_ms,dtype
256x256x256,1,5,0.2919,0.3224,0.29334,float32
256x256x256,16,5,4.9083,5.302,4.6251999999999995,float32
512x512x512,1,5,0.8931,1.0142,0.93094,float32
512x512x512,16,5,17.8878,23.7195,19.07964,float32
1024x1024x1024,1,5,7.3836,12.9722,8.66046,float32
1024x1024x1024,16,5,105.7113,106.2324,105.26354,float32
