shape,batch,repeats,p50_ms,p95_ms,mean_ms,dtype
256x256x256,1,5,0.22,0.2401,0.22268,float32
256x256x256,16,5,5.0628,6.009,4.92254,float32
512x512x512,1,5,0.9797,1.2477,1.02238,float32
512x512x512,16,5,18.5482,19.1797,18.29374,float32
1024x1024x1024,1,5,6.9121,7.6554,7.11604,float32
1024x1024x1024,16,5,121.4577,133.7863,122.4435,float32
