shape,batch,repeats,p50_ms,p95_ms,mean_ms,dtype
256x256x256,1,5,0.2823,0.3231,0.29186,float32
256x256x256,16,5,5.23,6.073,5.06242,float32
512x512x512,1,5,1.0497,1.1721,1.0682800000000001,float32
512x512x512,16,5,18.1108,21.9647,18.67414,float32
1024x1024x1024,1,5,6.7991,7.8908,7.0434,float32
1024x1024x1024,16,5,106.8398,122.7882,111.78564000000001,float32
