{
  "femto_bench": {
    "git_commit": "1ab96db6536e60c9f50a371223b12120ec4cef19",
    "machine_profile": {
      "platform": "Windows-11-10.0.26100-SP0",
      "python": "3.14.2",
      "numpy": "2.4.0",
      "cpu_count": 12,
      "processor": "Intel64 Family 6 Model 165 Stepping 2, GenuineIntel"
    },
    "workload_definition": {
      "n_requests": 300,
      "concurrency": [
        1,
        9,
        64
      ],
      "warmup": 20,
      "seed": 0
    },
    "results_csv": "C:\\Users\\pdxvo\\Documents\\Lean\\CoherenceLattice\\out\\telemetry_smoke\\konomi_smoke_out\\femto\\femto_async_results.csv",
    "results": [
      {
        "concurrency": 1,
        "n_requests": 300,
        "p50_ms": 0.0241,
        "p95_ms": 0.0523,
        "mean_ms": 0.027328666666666668,
        "throughput_rps": 8274.30993624077,
        "max_loop_lag_ms": 0.9411999490112066,
        "alloc_cur_kb_delta": 22.2216796875,
        "alloc_peak_kb": 22.2216796875
      },
      {
        "concurrency": 9,
        "n_requests": 300,
        "p50_ms": 0.1196,
        "p95_ms": 0.279,
        "mean_ms": 0.14502600000000002,
        "throughput_rps": 18527.78239909389,
        "max_loop_lag_ms": 0.5981000140309334,
        "alloc_cur_kb_delta": 19.8505859375,
        "alloc_peak_kb": 29.5537109375
      },
      {
        "concurrency": 64,
        "n_requests": 300,
        "p50_ms": 0.9137,
        "p95_ms": 1.572,
        "mean_ms": 0.9573143333333334,
        "throughput_rps": 21477.816885056418,
        "max_loop_lag_ms": 1.286699902266264,
        "alloc_cur_kb_delta": 55.1484375,
        "alloc_peak_kb": 117.140625
      }
    ],
    "gates": {},
    "notes": "FemtoModel is a stub for wiring + concurrency (not trained unless stated)."
  }
}