concurrency,n_requests,p50_ms,p95_ms,mean_ms,throughput_rps,max_loop_lag_ms,alloc_cur_kb_delta,alloc_peak_kb
1,300,0.0241,0.0523,0.027328666666666668,8274.30993624077,0.9411999490112066,22.2216796875,22.2216796875
9,300,0.1196,0.279,0.14502600000000002,18527.78239909389,0.5981000140309334,19.8505859375,29.5537109375
64,300,0.9137,1.572,0.9573143333333334,21477.816885056418,1.286699902266264,55.1484375,117.140625
