{
  "femto_bench": {
    "git_commit": "30d977cbbf11987780ae25b226364940f0d8369c",
    "machine_profile": {
      "platform": "Windows-11-10.0.26100-SP0",
      "python": "3.14.2",
      "numpy": "2.4.0",
      "cpu_count": 12,
      "processor": "Intel64 Family 6 Model 165 Stepping 2, GenuineIntel"
    },
    "workload_definition": {
      "n_requests": 300,
      "concurrency": [
        1,
        9,
        64
      ],
      "warmup": 20,
      "seed": 0
    },
    "results_csv": "C:\\Users\\pdxvo\\Documents\\Lean\\CoherenceLattice\\out\\telemetry_smoke\\konomi_smoke_out\\femto\\femto_async_results.csv",
    "results": [
      {
        "concurrency": 1,
        "n_requests": 300,
        "p50_ms": 0.0158,
        "p95_ms": 0.0237,
        "mean_ms": 0.017468666666666667,
        "throughput_rps": 12672.932767056946,
        "max_loop_lag_ms": 0.17699995078146458,
        "alloc_cur_kb_delta": 19.7626953125,
        "alloc_peak_kb": 19.7626953125
      },
      {
        "concurrency": 9,
        "n_requests": 300,
        "p50_ms": 0.0968,
        "p95_ms": 0.1192,
        "mean_ms": 0.099052,
        "throughput_rps": 27634.996943505314,
        "max_loop_lag_ms": 0.20779995247721672,
        "alloc_cur_kb_delta": 19.75,
        "alloc_peak_kb": 29.4072265625
      },
      {
        "concurrency": 64,
        "n_requests": 300,
        "p50_ms": 0.6677,
        "p95_ms": 0.6949,
        "mean_ms": 0.6380896666666667,
        "throughput_rps": 32478.780464307176,
        "max_loop_lag_ms": NaN,
        "alloc_cur_kb_delta": 55.1171875,
        "alloc_peak_kb": 117.1103515625
      }
    ],
    "gates": {},
    "notes": "FemtoModel is a stub for wiring + concurrency (not trained unless stated)."
  }
}