concurrency,n_requests,p50_ms,p95_ms,mean_ms,throughput_rps,max_loop_lag_ms,alloc_cur_kb_delta,alloc_peak_kb
1,300,0.013,0.0173,0.014513999999999999,15166.758619004378,0.058999983593821526,21.318359375,21.318359375
9,300,0.0873,0.0998,0.09140666666666666,30825.823245943473,nan,19.8193359375,29.5224609375
64,300,0.6186,0.6646,0.5958983333333333,34663.64704051715,nan,55.1328125,117.171875
