concurrency,n_requests,p50_ms,p95_ms,mean_ms,throughput_rps,max_loop_lag_ms,alloc_cur_kb_delta,alloc_peak_kb
1,300,0.0158,0.0237,0.017468666666666667,12672.932767056946,0.17699995078146458,19.7626953125,19.7626953125
9,300,0.0968,0.1192,0.099052,27634.996943505314,0.20779995247721672,19.75,29.4072265625
64,300,0.6677,0.6949,0.6380896666666667,32478.780464307176,nan,55.1171875,117.1103515625
