n_nodes,queue_max,max_inflight,process_delay_s,concurrency,n_requests,p50_ms,p95_ms,mean_ms,throughput_rps,alloc_cur_kb_delta,alloc_peak_kb
9,1024,1024,0.0,1,1200,0.0386,0.0642,0.0470935,13945.137477388054,853.6943359375,1717.341796875
9,1024,1024,0.0,9,1200,0.2465,0.4361,0.3046913333333333,16778.969271203143,833.4638671875,1693.5283203125
9,1024,1024,0.0,64,1200,1.6285,10.1772,2.1035749999999998,16838.300387823903,840.3779296875,1710.6357421875
