n_nodes,queue_max,max_inflight,process_delay_s,concurrency,n_requests,p50_ms,p95_ms,mean_ms,throughput_rps,alloc_cur_kb_delta,alloc_peak_kb
9,1024,1024,0.0,1,1200,0.0458,0.0846,0.05903099999999999,11226.442007050267,853.6943359375,1717.341796875
9,1024,1024,0.0,9,1200,0.289,0.3847,0.34010050000000003,14862.908252074076,833.4638671875,1693.5283203125
9,1024,1024,0.0,64,1200,1.7581,8.8846,2.132430916666667,15872.281043387768,840.3779296875,1710.6357421875
