n_nodes,queue_max,max_inflight,process_delay_s,concurrency,n_requests,p50_ms,p95_ms,mean_ms,throughput_rps,alloc_cur_kb_delta,alloc_peak_kb
9,1024,1024,0.0,1,1200,0.0413,0.0705,0.050070166666666666,13074.47328490974,853.6943359375,1717.341796875
9,1024,1024,0.0,9,1200,0.2547,0.3227,0.29504583333333334,17019.75571861212,833.4638671875,1693.5283203125
9,1024,1024,0.0,64,1200,1.4997,8.0721,1.8456812500000002,18121.98815757382,840.3779296875,1710.6357421875
