n_nodes,queue_max,max_inflight,process_delay_s,concurrency,n_requests,p50_ms,p95_ms,mean_ms,throughput_rps,alloc_cur_kb_delta,alloc_peak_kb
9,1024,1024,0.0,1,1200,0.0593,0.0695,0.07230341666666666,8973.901639355223,913.1591796875,1796.208984375
9,1024,1024,0.0,9,1200,0.3381,0.5955,0.43087533333333333,11912.916543822928,928.2294921875,1811.8642578125
9,1024,1024,0.0,64,1200,4.2852,33.7575,5.809206166666667,6447.3597219162775,870.2763671875,1764.3154296875
