n_nodes,queue_max,max_inflight,process_delay_s,concurrency,n_requests,p50_ms,p95_ms,mean_ms,throughput_rps,alloc_cur_kb_delta,alloc_peak_kb
9,1024,1024,0.0,1,1200,0.0598,0.0745,0.07305533333333333,8886.631031522154,913.1591796875,1796.208984375
9,1024,1024,0.0,9,1200,0.3474,0.4791,0.43086900000000006,11914.383272289338,928.2294921875,1811.8642578125
9,1024,1024,0.0,64,1200,2.0178,12.0522,2.5292914166666667,13362.210607029472,870.2763671875,1764.3154296875
