n_nodes,queue_max,max_inflight,process_delay_s,concurrency,n_requests,p50_ms,p95_ms,mean_ms,throughput_rps,alloc_cur_kb_delta,alloc_peak_kb
9,1024,1024,0.0,1,1200,0.0589,0.0701,0.07464258333333333,8855.709488454655,913.1591796875,1796.208984375
9,1024,1024,0.0,9,1200,0.3364,0.4346,0.41526725,12346.034637631637,928.2294921875,1811.8642578125
9,1024,1024,0.0,64,1200,2.0422,12.267,2.5802263333333335,13017.146857902015,870.2763671875,1764.3154296875
