concurrency,n_requests,p50_ms,p95_ms,mean_ms,throughput_rps,max_loop_lag_ms,alloc_cur_kb_delta,alloc_peak_kb
1,300,0.0132,0.0152,0.013817333333333333,15491.866711652938,0.05860021337866783,23.740234375,23.740234375
9,300,0.0837,0.1477,0.09099033333333334,30529.690220681703,nan,19.8193359375,29.5224609375
64,300,0.5891,0.8716,0.606442,35515.98934021567,nan,55.1328125,117.171875
