concurrency,n_requests,p50_ms,p95_ms,mean_ms,throughput_rps,max_loop_lag_ms,alloc_cur_kb_delta,alloc_peak_kb
1,300,0.0135,0.0237,0.014608999999999999,14346.173255794896,0.08110003545880318,29.70703125,29.70703125
9,300,0.0798,0.1212,0.086883,32346.059045149115,nan,20.8583984375,30.515625
64,300,0.5461,0.615,0.5307839999999999,39272.66976270349,nan,55.31640625,117.263671875
