concurrency,n_requests,p50_ms,p95_ms,mean_ms,throughput_rps,max_loop_lag_ms,alloc_cur_kb_delta,alloc_peak_kb
1,300,0.0343,0.0523,0.037305,7136.230649161565,-9.999999776482582,44.919921875,45.177734375
9,300,0.1317,0.2727,0.15443366666666666,18795.461385922088,-9.999999776482582,23.990234375,34.921875
64,300,0.7679,0.8343,0.760527,26462.728196815355,-9.999999776482582,61.7001953125,128.232421875
