n_nodes,queue_max,max_inflight,process_delay_s,concurrency,n_requests,p50_ms,p95_ms,mean_ms,throughput_rps,alloc_cur_kb_delta,alloc_peak_kb
9,1024,1024,0.0,1,1200,0.0596,0.0764,0.07307691666666667,8910.85579618584,913.1591796875,1796.208984375
9,1024,1024,0.0,9,1200,0.343,0.4828,0.43148074999999997,11865.856495854205,928.2294921875,1811.8642578125
9,1024,1024,0.0,64,1200,2.0762,12.2444,2.6210079166666667,13115.585427876127,870.2763671875,1764.3154296875
