concurrency,n_requests,p50_ms,p95_ms,mean_ms,throughput_rps,max_loop_lag_ms,alloc_cur_kb_delta,alloc_peak_kb
1,300,0.0132,0.0162,0.014055,15800.284414642645,0.07340032607316971,19.5634765625,19.5634765625
9,300,0.0872,0.1168,0.09510266666666667,29160.186322449073,0.11460017412900925,21.1806640625,30.791015625
64,300,0.614,0.6519,0.595353,34390.65510840038,nan,55.30859375,117.255859375
