concurrency,n_requests,p50_ms,p95_ms,mean_ms,throughput_rps,max_loop_lag_ms,alloc_cur_kb_delta,alloc_peak_kb
1,300,0.0131,0.0176,0.013807,15556.292909466178,0.06429990753531456,19.8388671875,19.8388671875
9,300,0.0834,0.0975,0.08444533333333333,32646.31026742257,nan,19.7109375,29.4140625
64,300,0.6098,0.7507,0.5933006666666666,35310.73460534795,nan,55.1328125,117.171875
