concurrency,n_requests,p50_ms,p95_ms,mean_ms,throughput_rps,max_loop_lag_ms,alloc_cur_kb_delta,alloc_peak_kb
1,300,0.0133,0.0178,0.014686333333333332,15238.017863279418,0.05100015550851822,29.70703125,29.70703125
9,300,0.0816,0.1213,0.08630866666666667,32296.611855335545,nan,20.9208984375,30.578125
64,300,0.5725,0.7152,0.5788033333333333,36170.72659051209,nan,55.31640625,117.263671875
