{
  "femto_bench": {
    "git_commit": "a00208685d0f54d7ba39d0436a700b34faddd001",
    "machine_profile": {
      "platform": "Windows-11-10.0.26100-SP0",
      "python": "3.12.10",
      "numpy": "2.4.0",
      "cpu_count": 12,
      "processor": "Intel64 Family 6 Model 165 Stepping 2, GenuineIntel"
    },
    "workload_definition": {
      "n_requests": 300,
      "concurrency": [
        1,
        9,
        64
      ],
      "warmup": 20,
      "seed": 0
    },
    "results_csv": "C:\\Users\\pdxvo\\Documents\\Lean\\CoherenceLattice\\out\\telemetry_smoke\\konomi_smoke_perturb_3\\femto\\femto_async_results.csv",
    "results": [
      {
        "concurrency": 1,
        "n_requests": 300,
        "p50_ms": 0.0375,
        "p95_ms": 0.0454,
        "mean_ms": 0.038801,
        "throughput_rps": 6807.243786706301,
        "max_loop_lag_ms": -9.999999776482582,
        "alloc_cur_kb_delta": 42.6708984375,
        "alloc_peak_kb": 42.974609375
      },
      {
        "concurrency": 9,
        "n_requests": 300,
        "p50_ms": 0.1383,
        "p95_ms": 0.1573,
        "mean_ms": 0.13998266666666667,
        "throughput_rps": 20003.200362553587,
        "max_loop_lag_ms": -9.999999776482582,
        "alloc_cur_kb_delta": 24.1279296875,
        "alloc_peak_kb": 35.0595703125
      },
      {
        "concurrency": 64,
        "n_requests": 300,
        "p50_ms": 0.8223,
        "p95_ms": 0.8648,
        "mean_ms": 0.791405,
        "throughput_rps": 24453.26539834891,
        "max_loop_lag_ms": -9.999999776482582,
        "alloc_cur_kb_delta": 61.74609375,
        "alloc_peak_kb": 128.232421875
      }
    ],
    "gates": {},
    "notes": "FemtoModel is a stub for wiring + concurrency (not trained unless stated)."
  }
}