concurrency,n_requests,p50_ms,p95_ms,mean_ms,throughput_rps,max_loop_lag_ms,alloc_cur_kb_delta,alloc_peak_kb
1,300,0.013,0.0217,0.014289666666666668,15537.0379010386,0.0684000551700592,29.70703125,29.70703125
9,300,0.0828,0.1365,0.09294899999999999,30689.59506432288,nan,20.9208984375,30.578125
64,300,0.559,0.6002,0.5325296666666667,38540.59543983365,nan,55.31640625,117.263671875
