concurrency,n_requests,p50_ms,p95_ms,mean_ms,throughput_rps,max_loop_lag_ms,alloc_cur_kb_delta,alloc_peak_kb
1,300,0.0128,0.0142,0.013578000000000002,15923.228775397867,0.0713001936674118,23.740234375,23.740234375
9,300,0.0811,0.1642,0.09133400000000001,31236.334788567314,nan,19.7568359375,29.4599609375
64,300,0.5465,0.6195,0.5440593333333333,36475.494050669986,nan,55.1328125,117.171875
