concurrency,n_requests,p50_ms,p95_ms,mean_ms,throughput_rps,max_loop_lag_ms,alloc_cur_kb_delta,alloc_peak_kb
1,300,0.0132,0.0146,0.013751666666666666,16153.697171272392,0.0642002560198307,19.6552734375,19.6552734375
9,300,0.081,0.1323,0.08808966666666666,31800.545774081278,nan,21.1962890625,30.8076171875
64,300,0.5897,0.6621,0.561733,35968.20383220472,nan,55.2705078125,117.263671875
