concurrency,n_requests,p50_ms,p95_ms,mean_ms,throughput_rps,max_loop_lag_ms,alloc_cur_kb_delta,alloc_peak_kb
1,300,0.0427,0.0803,0.049278999999999996,5447.097759142037,-9.999999776482582,43.2216796875,43.525390625
9,300,0.2651,0.6252,0.258027,11310.852443947519,-9.999999776482582,24.173828125,35.10546875
64,300,1.0322,1.489,1.013415,19853.349865745033,-4.999999888241291,61.7001953125,128.1865234375
