n_nodes,queue_max,max_inflight,process_delay_s,concurrency,n_requests,p50_ms,p95_ms,mean_ms,throughput_rps,alloc_cur_kb_delta,alloc_peak_kb
9,1024,1024,0.0,1,1200,0.0371,0.0601,0.045228000000000004,14471.86732144924,853.6943359375,1717.341796875
9,1024,1024,0.0,9,1200,0.2353,0.3401,0.28046000000000004,17852.25484424312,833.4638671875,1693.5283203125
9,1024,1024,0.0,64,1200,1.5317,7.1028,1.8527620833333334,18151.4283814303,840.3779296875,1710.6357421875
