n_nodes,queue_max,max_inflight,process_delay_s,concurrency,n_requests,p50_ms,p95_ms,mean_ms,throughput_rps,alloc_cur_kb_delta,alloc_peak_kb
9,1024,1024,0.0,1,1200,0.0538,0.0637,0.06586058333333333,9401.610987247703,913.1591796875,1796.208984375
9,1024,1024,0.0,9,1200,0.3073,0.3779,0.3813068333333333,13483.782397722023,992.2294921875,1875.8642578125
9,1024,1024,0.0,64,1200,1.851,11.94,2.3789165833333334,14690.79546588547,870.2763671875,1764.3154296875
