n_nodes,queue_max,max_inflight,process_delay_s,concurrency,n_requests,p50_ms,p95_ms,mean_ms,throughput_rps,alloc_cur_kb_delta,alloc_peak_kb
9,1024,1024,0.0,1,1200,0.0371,0.0575,0.04444633333333333,14613.989773270983,853.6943359375,1717.341796875
9,1024,1024,0.0,9,1200,0.2487,0.4875,0.3081486666666666,16477.495822040615,833.4638671875,1693.5283203125
9,1024,1024,0.0,64,1200,1.4762,7.6505,1.7996463333333335,18660.865241175707,840.3779296875,1710.6357421875
