n_nodes,queue_max,max_inflight,process_delay_s,concurrency,n_requests,p50_ms,p95_ms,mean_ms,throughput_rps,alloc_cur_kb_delta,alloc_peak_kb
9,1024,1024,0.0,1,1200,0.0384,0.0569,0.04755525,13539.678079696918,853.6943359375,1717.341796875
9,1024,1024,0.0,9,1200,0.243,0.3094,0.280644,17964.179387771503,833.4638671875,1693.5283203125
9,1024,1024,0.0,64,1200,1.5092,7.4349,1.7931809166666668,18729.543769042164,840.3779296875,1710.6357421875
