n_nodes,queue_max,max_inflight,process_delay_s,concurrency,n_requests,p50_ms,p95_ms,mean_ms,throughput_rps,alloc_cur_kb_delta,alloc_peak_kb
9,1024,1024,0.0,1,1200,0.0388,0.0631,0.04795141666666666,13622.029546888096,853.6943359375,1717.341796875
9,1024,1024,0.0,9,1200,0.2389,0.3366,0.2802725833333333,17948.299919141493,833.4638671875,1693.5283203125
9,1024,1024,0.0,64,1200,1.4953,8.4957,1.8634611666666667,18235.28066833315,840.3779296875,1710.6357421875
