concurrency,n_requests,p50_ms,p95_ms,mean_ms,throughput_rps,max_loop_lag_ms,alloc_cur_kb_delta,alloc_peak_kb
1,300,0.0422,0.0872,0.052612,4817.125850612391,-9.999999776482582,39.044921875,39.302734375
9,300,0.1545,0.1964,0.16035933333333333,17864.373872012522,-9.999999776482582,23.0263671875,34.0498046875
64,300,0.9261,1.0005,0.9004080000000001,21903.565927685555,5.000000353902578,61.74609375,128.232421875
