shape,batch,repeats,p50_ms,p95_ms,mean_ms,dtype
256x256x256,1,5,0.3874,0.4308,0.39382,float32
256x256x256,16,5,6.7243,7.5718,6.77564,float32
512x512x512,1,5,1.5919,2.4088,1.7243400000000002,float32
512x512x512,16,5,24.0938,25.8058,24.50132,float32
1024x1024x1024,1,5,11.2918,11.5297,10.82742,float32
1024x1024x1024,16,5,190.0113,227.9351,198.27266,float32
