shape,batch,repeats,p50_ms,p95_ms,mean_ms,dtype
256x256x256,1,5,0.2613,0.2676,0.26066,float32
256x256x256,16,5,5.5996,6.0201,5.59234,float32
512x512x512,1,5,1.3587,1.3814,1.32918,float32
512x512x512,16,5,24.2407,27.1574,24.3947,float32
1024x1024x1024,1,5,9.1508,9.8684,8.90382,float32
1024x1024x1024,16,5,159.8337,194.4579,162.41526,float32
