shape,batch,repeats,p50_ms,p95_ms,mean_ms,dtype
256x256x256,1,5,0.2787,0.3094,0.28188,float32
256x256x256,16,5,4.3428,5.3259,4.53696,float32
512x512x512,1,5,1.1381,1.3119,1.135,float32
512x512x512,16,5,17.546,18.5216,17.50712,float32
1024x1024x1024,1,5,7.9951,10.9324,8.16708,float32
1024x1024x1024,16,5,134.55,188.6366,141.41118,float32
