shape,batch,repeats,p50_ms,p95_ms,mean_ms,dtype
256x256x256,1,5,0.265,0.3551,0.27738,float32
256x256x256,16,5,5.6773,5.9534,5.64022,float32
512x512x512,1,5,1.1342,1.2983,1.15594,float32
512x512x512,16,5,22.7115,27.119,22.877860000000002,float32
1024x1024x1024,1,5,8.4791,8.9491,8.40848,float32
1024x1024x1024,16,5,158.1842,169.5635,154.12982,float32
