shape,batch,repeats,p50_ms,p95_ms,mean_ms,dtype
256x256x256,1,5,0.3029,0.4101,0.3246,float32
256x256x256,16,5,4.4779,5.7529,4.56434,float32
512x512x512,1,5,0.9884,1.0247,0.96768,float32
512x512x512,16,5,17.0472,17.4714,16.9752,float32
1024x1024x1024,1,5,6.5278,7.3608,6.640359999999999,float32
1024x1024x1024,16,5,121.9755,157.1562,131.13920000000002,float32
