n_nodes,queue_max,max_inflight,process_delay_s,concurrency,n_requests,p50_ms,p95_ms,mean_ms,throughput_rps,alloc_cur_kb_delta,alloc_peak_kb
9,1024,1024,0.0,1,1200,0.0376,0.0641,0.046866,13758.548972334278,853.6943359375,1717.341796875
9,1024,1024,0.0,9,1200,0.2502,0.422,0.30112466666666665,16584.000090508016,833.4638671875,1693.5283203125
9,1024,1024,0.0,64,1200,1.6109,8.212,1.9393063333333336,17375.439837121914,840.3779296875,1710.6357421875
