n_nodes,queue_max,max_inflight,process_delay_s,concurrency,n_requests,p50_ms,p95_ms,mean_ms,throughput_rps,alloc_cur_kb_delta,alloc_peak_kb
9,1024,1024,0.0,1,1200,0.0378,0.0553,0.04606675,14102.88052296703,853.6943359375,1717.341796875
9,1024,1024,0.0,9,1200,0.2453,0.4099,0.2925824166666667,16938.553962055877,833.4638671875,1693.5283203125
9,1024,1024,0.0,64,1200,1.4129,7.8511,1.7529900000000003,18747.392951098263,840.3779296875,1710.6357421875
