n_nodes,queue_max,max_inflight,process_delay_s,concurrency,n_requests,p50_ms,p95_ms,mean_ms,throughput_rps,alloc_cur_kb_delta,alloc_peak_kb
9,1024,1024,0.0,1,1200,0.0379,0.0611,0.04646325,14185.554139662187,853.6943359375,1717.341796875
9,1024,1024,0.0,9,1200,0.2363,0.3356,0.27718475,17795.62608216979,833.4638671875,1693.5283203125
9,1024,1024,0.0,64,1200,1.4396,7.7146,1.7615845833333332,19338.681528332705,840.3779296875,1710.6357421875
