n_nodes,queue_max,max_inflight,process_delay_s,concurrency,n_requests,p50_ms,p95_ms,mean_ms,throughput_rps,alloc_cur_kb_delta,alloc_peak_kb
9,1024,1024,0.0,1,1200,0.0398,0.0662,0.04874125,13455.207659529005,853.6943359375,1717.341796875
9,1024,1024,0.0,9,1200,0.2477,0.3324,0.29474675,16913.17624498021,833.4638671875,1693.5283203125
9,1024,1024,0.0,64,1200,1.4645,9.0452,1.8875359166666665,18063.502235678585,840.3779296875,1710.6357421875
