n_nodes,queue_max,max_inflight,process_delay_s,concurrency,n_requests,p50_ms,p95_ms,mean_ms,throughput_rps,alloc_cur_kb_delta,alloc_peak_kb
9,1024,1024,0.0,1,1200,0.053,0.059,0.0628425,10341.029930924524,913.1591796875,1796.208984375
9,1024,1024,0.0,9,1200,0.3029,0.3785,0.37124025,13391.123447736385,992.2294921875,1875.8642578125
9,1024,1024,0.0,64,1200,1.7976,11.7782,2.296862,14796.748135759182,870.2763671875,1764.3154296875
