n_nodes,queue_max,max_inflight,process_delay_s,concurrency,n_requests,p50_ms,p95_ms,mean_ms,throughput_rps,alloc_cur_kb_delta,alloc_peak_kb
9,1024,1024,0.0,1,1200,0.0383,0.0683,0.049119416666666665,13407.461731212528,853.6943359375,1717.341796875
9,1024,1024,0.0,9,1200,0.2388,0.3572,0.296255,16798.04130609188,833.4638671875,1693.5283203125
9,1024,1024,0.0,64,1200,1.5043,7.3966,1.842317416666667,17940.491358921256,840.3779296875,1710.6357421875
