concurrency,n_requests,p50_ms,p95_ms,mean_ms,throughput_rps,max_loop_lag_ms,alloc_cur_kb_delta,alloc_peak_kb
1,300,0.0439,0.088,0.05168233333333333,5137.857271909798,-9.999999776482582,43.267578125,43.5712890625
9,300,0.1622,0.2955,0.18793033333333334,15274.171495838922,-9.999999776482582,23.71484375,34.6923828125
64,300,1.0207,1.1864,0.9953196666666666,19091.256229931063,-9.999999776482582,61.74609375,128.232421875
