{
  "contradiction": 0.031064069088037327,
  "corr": {
    "DeltaS,Lambda": 0.0,
    "E,Psi": 0.0,
    "E,T": 0.0,
    "T,Psi": 0.0
  },
  "mean": {
    "DeltaS": 2.304188846550259e-05,
    "E": 0.9710068688511653,
    "Es": 1.0,
    "Lambda": 5.375339790124611e-05,
    "Psi": 0.9710068688511653,
    "T": 1.0
  },
  "notes": "History-aware fusion: window=2 alpha=0.7 history_path=out/history/state_history.jsonl",
  "recommendations": [],
  "risk_band": {
    "ethical": "green",
    "lambda": "green",
    "traceability": "green"
  },
  "schema_id": "coherencelattice.state_estimate.v1",
  "sigma": {
    "DeltaS": 3.223763967296536e-05,
    "E": 6.288595851083447e-05,
    "Es": 0.0,
    "Lambda": 3.223763967296536e-05,
    "Psi": 6.288595851083447e-05,
    "T": 0.0
  },
  "t": "2026-01-10T00:46:13.684461+00:00",
  "version": 1
}