{
  "contradiction": 0.031251044247110615,
  "corr": {
    "DeltaS,Lambda": 0.0,
    "E,Psi": 0.0,
    "E,T": 0.0,
    "T,Psi": 0.0
  },
  "mean": {
    "DeltaS": 1.5486192478679033e-05,
    "E": 0.9708323587026968,
    "Es": 1.0,
    "Lambda": 3.0415820746609865e-05,
    "Psi": 0.9708323587026968,
    "T": 1.0
  },
  "notes": "History-aware fusion: window=2 alpha=0.7 history_path=out/history/state_history.jsonl",
  "recommendations": [],
  "risk_band": {
    "ethical": "green",
    "lambda": "green",
    "traceability": "green"
  },
  "schema_id": "coherencelattice.state_estimate.v1",
  "sigma": {
    "DeltaS": 1.5084862969884285e-05,
    "E": 3.2399598813990594e-05,
    "Es": 0.0,
    "Lambda": 1.5084862969884285e-05,
    "Psi": 3.2399598813990594e-05,
    "T": 0.0
  },
  "t": "2026-01-10T03:53:01.684331+00:00",
  "version": 1
}