{
  "contradiction": 0.031104768549271855,
  "corr": {
    "DeltaS,Lambda": 0.0,
    "E,Psi": 0.0,
    "E,T": 0.0,
    "T,Psi": 0.0
  },
  "mean": {
    "DeltaS": 5.2472530764646747e-05,
    "E": 0.9709688826873462,
    "Es": 1.0,
    "Lambda": 0.0001172703419296317,
    "Psi": 0.9709688826873462,
    "T": 1.0
  },
  "notes": "History-aware fusion: window=2 alpha=0.7 history_path=out/history/state_history.jsonl",
  "recommendations": [],
  "risk_band": {
    "ethical": "green",
    "lambda": "green",
    "traceability": "green"
  },
  "schema_id": "coherencelattice.state_estimate.v1",
  "sigma": {
    "DeltaS": 6.662281971699277e-05,
    "E": 0.00013240142286821138,
    "Es": 0.0,
    "Lambda": 6.662281971699277e-05,
    "Psi": 0.00013240142286821138,
    "T": 0.0
  },
  "t": "2026-01-10T00:35:44.549486+00:00",
  "version": 1
}