shape,batch,repeats,p50_ms,p95_ms,mean_ms,dtype
256x256x256,1,5,0.3456,0.3755,0.34462000000000004,float32
256x256x256,16,5,4.0114,4.7393,4.17538,float32
512x512x512,1,5,1.0349,1.1495,1.04598,float32
512x512x512,16,5,19.1331,30.4159,22.68434,float32
1024x1024x1024,1,5,6.7634,7.235,6.7643200000000006,float32
1024x1024x1024,16,5,145.3755,221.6236,159.44982,float32
