shape,batch,repeats,p50_ms,p95_ms,mean_ms,dtype
256x256x256,1,5,0.2998,0.3583,0.31100000000000005,float32
256x256x256,16,5,3.9922,5.9099,4.330920000000001,float32
512x512x512,1,5,0.9043,1.0282,0.90352,float32
512x512x512,16,5,17.3854,18.3065,17.479660000000003,float32
1024x1024x1024,1,5,7.9253,8.5546,7.51476,float32
1024x1024x1024,16,5,127.0096,135.0555,127.33851999999999,float32
