shape,batch,repeats,p50_ms,p95_ms,mean_ms,dtype
256x256x256,1,5,0.3005,0.3235,0.29928,float32
256x256x256,16,5,4.5164,5.2372,4.53374,float32
512x512x512,1,5,1.1691,1.2541,1.18428,float32
512x512x512,16,5,22.783,28.0023,23.723580000000002,float32
1024x1024x1024,1,5,7.728,9.3658,8.11254,float32
1024x1024x1024,16,5,152.3621,164.0766,153.26536000000002,float32
